[
   {
      "slug": "apple-inc-cupertino-california-system-on-chip-specialist-remote-full-time-1671729530131",
      "open": true,
      "company": "Apple Inc",
      "avatar": "/logo.png",
      "location": "Cupertino, California",
      "jobTitle": "System on Chip Specialist",
      "jobType": "Full Time",
      "employmentType": "On-site",
      "experience": "3 Years",
      "categories": ["Engineering", "Technology"]
   },
   {
      "slug": "apple-inc-cupertino-california-system-on-chip-specialist-remote-full-time-1671729618249",
      "company": "Apple Inc",
      "avatar": "/logo.png",
      "location": "Cupertino, California",
      "jobTitle": "System on Chip Specialist",
      "jobType": "Full Time",
      "employmentType": "On-site",
      "experience": "3 Years",
      "categories": ["Engineering", "Technology"]
   },
   {
      "slug": "apple-inc-cupertino-california-system-on-chip-specialist-remote-full-time-1671729628560",
      "company": "Apple Inc",
      "avatar": "/logo.png",
      "location": "Cupertino, California",
      "jobTitle": "System on Chip Specialist",
      "jobType": "Full Time",
      "employmentType": "On-site",
      "experience": "3 Years",
      "categories": ["Engineering", "Technology"]
   },
   {
      "slug": "apple-inc-cupertino-california-system-on-chip-specialist-remote-full-time-1671729645511",
      "company": "Apple Inc",
      "avatar": "/logo.png",
      "location": "Cupertino, California",
      "jobTitle": "System on Chip Specialist",
      "jobType": "Full Time",
      "employmentType": "On-site",
      "experience": "3 Years",
      "categories": ["Engineering", "Technology"]
   }
]
